{
  "id": "",
  "name": "",
  "font_family": "iconfont",
  "css_prefix_text": "icon-",
  "description": "",
  "glyphs": [
    {
      "icon_id": "15838430",
      "name": "ashbin",
      "font_class": "ashbin",
      "unicode": "e665",
      "unicode_decimal": 58981
    },
    {
      "icon_id": "15838432",
      "name": "browse",
      "font_class": "browse",
      "unicode": "e666",
      "unicode_decimal": 58982
    },
    {
      "icon_id": "15838440",
      "name": "camera",
      "font_class": "camera",
      "unicode": "e667",
      "unicode_decimal": 58983
    },
    {
      "icon_id": "15838442",
      "name": "attachment",
      "font_class": "attachment",
      "unicode": "e668",
      "unicode_decimal": 58984
    },
    {
      "icon_id": "15838447",
      "name": "comment",
      "font_class": "comment",
      "unicode": "e669",
      "unicode_decimal": 58985
    },
    {
      "icon_id": "15838450",
      "name": "complete",
      "font_class": "complete",
      "unicode": "e66a",
      "unicode_decimal": 58986
    },
    {
      "icon_id": "15838464",
      "name": "download",
      "font_class": "download",
      "unicode": "e66c",
      "unicode_decimal": 58988
    },
    {
      "icon_id": "15838482",
      "name": "filter",
      "font_class": "filter",
      "unicode": "e672",
      "unicode_decimal": 58994
    },
    {
      "icon_id": "15838501",
      "name": "menu",
      "font_class": "menu",
      "unicode": "e677",
      "unicode_decimal": 58999
    },
    {
      "icon_id": "15838502",
      "name": "loading",
      "font_class": "loading",
      "unicode": "e676",
      "unicode_decimal": 58998
    },
    {
      "icon_id": "15838523",
      "name": "pin",
      "font_class": "pin",
      "unicode": "e67b",
      "unicode_decimal": 59003
    },
    {
      "icon_id": "15838527",
      "name": "scanning",
      "font_class": "scanning",
      "unicode": "e67d",
      "unicode_decimal": 59005
    },
    {
      "icon_id": "15838535",
      "name": "setting",
      "font_class": "setting",
      "unicode": "e67e",
      "unicode_decimal": 59006
    },
    {
      "icon_id": "15838544",
      "name": "telephone",
      "font_class": "telephone",
      "unicode": "e680",
      "unicode_decimal": 59008
    }
  ]
}
